data,decision
"кция представила доказательства, что налогоплательщиком не представлено документального подтверждения соблюдения правил ведения раздельного учёта в целях налогообложения НДС и налога на прибыль, а также регистры налогового учёта, подтверждающие пообъектное списание ТМЦ на территории РФ и за пределами РФ. В соответствии с частью 3 статьи 201 АПК РФ арбитражный суд, установив, что оспариваемый ненормативный правовой акт, решения и действия (бездействие) органов, осуществляющих публичные полномочия, должностных лиц соответствуют закону или иному нормативному правовому акту и не нарушают права и законные интересы заявителя, суд принимает решение об отказе в удовлетворении заявленного требования. При указанных обстоятельствах, оснований для признания оспариваемого решения налоговой инспекции незаконным у суда не имеется, в связи с чем, заявление общества удовлетворению не подлежит. руководствуясь статьями 167, 168, 169, 170, 201 Арбитражного процессуального кодекса Российской Федерации, суд",частично
"тельствует о том, что Маркетплейс возвращены отправления истцу на сумму 30 401 руб. Таким образом, с ответчика не может быть взыскана сумма убытков, рассчитанных на основании документов о закупочной стоимости, более 156 213 руб. 98 коп. (186 614, 98 руб. - размер исковых требований - 30 401 руб.- стоимость возвращенных товаров). На сумму 156 213 руб. 98 коп. ответчик указывает на то, что истцом не предоставлено доказательств фото и видеоматериалов упаковки и передачи товара в качестве доказательства несения убытков. Между тем, соглашаясь с доводами истца, данные возражения в условиях принятия груза по реестру, который подписан от ответчика третьим лицом, являются несостоятельными. Учитывая изложенное, исковые требования подлежат частичному удовлетворению в сумме 156 213 руб. 98 коп. На основании ст. 110 АПК РФ расходы по государственной пошлине подлежат отнесению на ответчика пропорционально удовлетворенным исковым требованиям. 3 Руководствуясь ст. ст. 110, 167-171, 180-181 АПК РФ, суд",частично
"нению в отношении должника положения пункта 8 статьи 213.6 Закона о банкротстве. Арбитражный суд утверждает финансового управляющего в порядке, установленном статьей 45 Закона о банкротстве настоящего Федерального закона, с учетом положений статьей 213.4, 213.5, 213.9 названного Закона. На основании определения арбитражного суда согласно пункту 4 статьи 213.4 Закона о банкротстве саморегулируемая организация, заявленная должником при подаче заявления о признании себя несостоятельным (банкротом), представила к утверждению кандидатуру арбитражного управляющего с заключением о соответствии требованиям статей 20 и 20.2 Закона о банкротстве, который изъявил своё желание быть финансовым управляющим в деле о банкротстве должника-гражданина. Руководствуясь статьями 167-170, 176, 223 Арбитражного процессуального кодекса Российской Федерации и статьями 20, 20.2, 45, 124, 126, 127, 213.6, 213.9, 213.24 Федерального закона от 26.10.2002 № 127-ФЗ «О несостоятельности (банкротстве)», арбитражный суд",в пользу истца
"ания для грузополучателей. При этом необходимо учитывать, что согласно абзацу 4 того же пункта Правил, датой фактического срока доставки груза по назначению, является дата уведомления грузополучателя о прибытии груза, на железнодорожную станцию назначения - эта дата также указывается в разделе «Календарные штемпеля». 5 При этом, для определения посуточного срока фактической доставки груза в соответствии с правилами, предусмотренными п. 2.6. Правил, неполные сутки перевозки вагонов принимаются за полные. В силу статьи 793 ГК РФ, в случае ненадлежащего исполнения обязательств по перевозке стороны несут ответственность, установленную, в том числе, транспортными уставами и кодексами. Судом расчет истца проверен, признан верным. С учетом изложенного, исковые требования подлежат удовлетворению в полном объеме. Расходы по оплате государственной пошлины распределяются в соответствии со ст. 110 АПК РФ. На основании и руководствуясь ст. ст. 65, 68, 71, 75, 110, 167-171, 176, 180, 181 АПК РФ, суд",частично
"а 26 Постановления Пленума Верховного Суда Российской Федерации от 21.01.2016 № 1 «О некоторых вопросах применения законодательства о возмещении издержек, связанных с рассмотрением дела», добровольное удовлетворение ответчиком исковых требований после обращения истца в суд (подачи искового заявления) является достаточным основанием для возложения на ответчика всех расходов истца, в том числе и по уплате государственной пошлины. (Определение Верховного Суда Российской Федерации от 27.09.2021 №310-ЭС21-5030). Учитывая частичное погашение задолженности ответчиком после обращения истца в арбитражный суд, исходя из уточненных требований, следует взыскать с ответчика в пользу истца расходы по уплате государственной пошлины в сумме 34 930,00 руб. Государственная пошлина в размере 887,00 руб. подлежит взысканию с ответчика в доход федерального бюджета. Руководствуясь статьями 49, 65, 110, 159, 167-170, 182 ч.2, 229, 257 Арбитражного процессуального кодекса Российской Федерации, арбитражный суд",частично
"нению в отношении должника положения пункта 8 статьи 213.6 Закона о банкротстве. Арбитражный суд утверждает финансового управляющего в порядке, установленном статьей 45 Закона о банкротстве настоящего Федерального закона, с учетом положений статьей 213.4, 213.5, 213.9 названного Закона. На основании определения арбитражного суда согласно пункту 4 статьи 213.4 Закона о банкротстве саморегулируемая организация, заявленная должником при подаче заявления о признании себя несостоятельным (банкротом), представила к утверждению кандидатуру арбитражного управляющего с заключением о соответствии требованиям статей 20 и 20.2 Закона о банкротстве, который изъявил своё желание быть финансовым управляющим в деле о банкротстве должника-гражданина. Руководствуясь статьями 167-170, 176, 223 Арбитражного процессуального кодекса Российской Федерации и статьями 20, 20.2, 45, 124, 126, 127, 213.6, 213.9, 213.24 Федерального закона от 26.10.2002 № 127-ФЗ «О несостоятельности (банкротстве)», арбитражный суд",в пользу истца
"ленные действия, не связанные со взысканием денежных средств или с передачей имущества, арбитражный суд в резолютивной части решения указывает лицо, обязанное совершить эти действия, а также место и срок их совершения (часть 1 статьи 174 АПК РФ). С учетом возможности ответчика по исполнению обязательства, отсутствия каких- либо затруднений по его исполнению, а также иных заслуживающих внимания обстоятельств, суд признает достаточным заявленный истцом срок 10 дней для того, чтобы ответчик самостоятельно освободил самовольно занятый земельный участок площадью 123 кв.м. путем демонтажа летней площадки, расположенной по адресу: г. Ставрополь, в районе нежилого здания №56б по улице Доваторцев. 5 Судебные расходы по уплате государственной пошлины за рассмотрение заявления распределены в соответствии с требованиями статьи 110 АПК РФ. На основании изложенного, руководствуясь статьями 110, 167 – 170 Арбитражного процессуального кодекса Российской Федерации, Арбитражный суд Ставропольского края,",принято
"во об отсрочке оплаты государственной пошлины до вступления в законную силу судебного акта по делу. В пункте 16 постановления Пленума ВАС РФ от 11.07.2014 № 46 «О применении законодательства о государственной пошлине при рассмотрении дел в арбитражных 11 судах» разъяснено, что в тех случаях, когда до окончания рассмотрения дела государственная пошлина не была уплачена (взыскана) частично либо в полном объеме ввиду действия отсрочки, рассрочки по уплате госпошлины, увеличения истцом размера исковых требований после обращения в арбитражный суд, вопрос о взыскании неуплаченной в федеральный бюджет государственной пошлины разрешается судом исходя из следующих обстоятельств. Если суд удовлетворяет заявленные требования, государственная пошлина взыскивается с другой стороны непосредственно в доход федерального бюджета применительно к части 3 статьи 110 АПК РФ. Руководствуясь ст. 49, 110, 167 – 171 Арбитражного процессуального кодекса Российской Федерации, Арбитражный суд Ставропольского края",частично
"действуя в строгом соответствии со ст. 71 Арбитражного процессуального кодекса Российской Федерации, арбитражный суд, оценив представленные в материалы дела доказательства по своему внутреннему убеждению, основанному на всестороннем, полном, объективном и непосредственном их исследовании, оценив также относимость, допустимость, достоверность каждого доказательства в отдельности, а также достаточность и взаимную связь доказательств в их совокупности, находит первоначально заявленные требования подлежащими удовлетворению, в удовлетворении встречного иска суд отказыывает. Расходы по оплате государственной пошлины подлежат распределению в порядке ст. 110 АПК РФ. 6 Таким образом, указанные расходы подлежат взысканию с ответчика в пользу истца. На основании ст. 8, 10, 12, 307-310, 395, 421, 431, 450, 450.1, 702, 708, 711, 720, 746, 753, 1102, 1107 Гражданского кодекса Российской Федерации руководствуясь ст. ст. 110, 167, 170, 176 Арбитражного процессуального кодекса Российской Федерации, суд",частично
"одились в незаконном обороте, то в резолютивной части решения суда определяются дальнейшие действия с такими вещами. В силу пункта 4 статьи 1252 ГК РФ в случае, когда изготовление, распространение или иное использование, а также импорт, перевозка или хранение материальных носителей, в которых выражены результат интеллектуальной деятельности или средство 5 индивидуализации, приводят к нарушению исключительного права на такой результат или на такое средство, такие материальные носители считаются контрафактными и по решению суда подлежат изъятию из оборота или уничтожению без какой бы то ни было компенсации, если иные последствия не предусмотрены ГК РФ. На основании изложенного изъятые в соответствии с протоколом изъятия от 10.07.2024 года предметы, содержащие незаконное воспроизведение товарных знаков, подлежат изъятию из оборота и уничтожению в установленном законом порядке. Руководствуясь статьями 167 - 171, 206 Арбитражного процессуального кодекса Российской Федерации, арбитражный суд",принято
"а нарушения денежного обязательства удовлетворяет исковые требования частично в пределах размера суммы неустойки, подлежащей взысканию (абзац шестой ответа). 3 Пунктом 6.5 договора предусмотрено право исполнителя взыскать с заказчика неустойку в размере 0,1% от стоимости просроченного платежа за каждый день просрочки, но не более 5% (т.е. 14 250 руб.). Размер процентов не превышает заданное значение, таким образом, исходя из верно определенного периода просрочки по каждому из актов, при отсутствии спора между сторонами по данного требованию, проценты подлежат взысканию с ответчика в пользу истца. Госпошлина относится на ответчика (абзац первый части 1 статьи 110 АПК РФ), учитывая удовлетворение требований истца судом в полном объеме. На основании статей 1, 8, 12, 307, 309, 310, 395, 702, 711, 720, 753 Гражданского кодекса Российской Федерации, руководствуясь статьями 9, 41, 65, 70, 71, 110, 112, 153, 156, 167, 170, 180, 181 Арбитражного процессуального кодекса Российской Федерации, суд",частично
"акт оказания истцом услуг (выполнения работ) и их стоимость подтверждены достоверными и достаточными доказательствами (акты оказанных услуг), о фальсификации которых ответчиком в порядке ст. 161 АПК РФ не заявлено. На день вынесения решения, в нарушение ст. 65 АПК РФ, ответчик доказательств оплаты задолженности не представил. Факт оказания услуг истцом по данным актам подтвержден, в связи с чем, суд считает требование истца о взыскании с ответчика основного долга в размере 3 038 925,60 руб. обоснованным, документально подтвержденным и подлежащим удовлетворению. В соответствии с положениями ст. 110 АПК РФ судебные расходы, понесенные лицами, участвующими в деле, в пользу которых принят судебный акт, взыскиваются арбитражным судом со стороны, в связи с чем, суд считает необходимым взыскать с ответчика в пользу истца государственную пошлину в размере 116 168,00 руб.. Руководствуясь статьями 110, 167 – 170, 176, 216 Арбитражного процессуального кодекса Российской Федерации, арбитражный суд",принято
"я от 02.12.2021 между ИП Дубровиным А.А. и ООО «Фермер Плюс», на основании которого ИП Дубровиным А.А. приобрел право требование к ООО «Сервис-ГАО», что подтверждается Решением Арбитражного суда г. Москвы от 21.11.2024 по делу № А40-122244/24. Также ИП Киму А. было отказано в иске о признании недействительным договора на оказание юридических услуг от 30.04.2020, заключенного между ООО Юридическая фирма «ЛЕГЭ» и ООО «Фермер Плюс», что подтверждается Решением Арбитражного суда г. Москвы от 20.11.2024 по делу № А40-122249/2024. Таким образом, доводы, приводимые в отзыве на исковое заявление, уже были предметом рассмотрения иных дел, в которых данные доводы были опровергнуты. В соответствии со ст. 110 АПК РФ расходы по госпошлине, понесенные истцом, подлежат взысканию с ответчика в полном объеме от суммы иска, поскольку требования, заявленные в иске, обоснованы. На основании ст.ст. 11, 12, 16, 309, 310, 395 ГК РФ, руководствуясь ст.ст. 16, 64, 65, 69, 110, 167-171, 176, 180, 181 АПК РФ суд",принято
"своему внутреннему убеждению, основанному на всестороннем, полном, объективном и непосредственном исследовании имеющихся в деле доказательств. Суд, исследовав и оценив представленные доказательства, считает исковые требования обоснованными и подлежащими удовлетворению в части. В соответствии со статьями 102, 110 Арбитражного процессуального кодекса Российской Федерации расходы по государственной пошлине относятся на стороны пропорционально размеру удовлетворенных исковых требований. На основании изложенного, исходя из того, что судом частично отказано в удовлетворении исковых требований, расходы по оплате государственной пошлины подлежат отнесению на истца в размере 29,79 руб., на ответчика – 14126,21 руб. По ходатайству лиц, участвующих в деле, копии решения на бумажном носителе могут быть направлены им в пятидневный срок со дня поступления соответствующего ходатайства. Руководствуясь статьями 102, 110, 167-170 Арбитражного процессуального кодекса Российской Федерации, арбитражный суд",частично
"ведением осмотра доказательств на месте, расходы на оплату услуг адвокатов и иных лиц. оказывающих юридическую помощь (представителей), и другие расходы, понесенные лицами, участвующими в деле, в связи с рассмотрением дела в арбитражном суде. В соответствии со ст. 110 АПК РФ судебные расходы, понесенные лицами, участвующими в деле, в пользу которых принят судебный акт взыскиваются арбитражным судом с проигравшей стороны, причем расходы взыскиваются арбитражным судом в разумных пределах. Почтовые расходы в общем размере 114 руб. 00 коп. истцом документально подтверждены, связаны с рассмотрением настоящего дела, в связи с чем, подлежат взысканию с ответчика в полном объеме. В соответствии со ст.ст. 102, 110 АПК РФ госпошлина по иску относится на сторон соответственно удовлетворенным исковым требованиям. С учетом изложенного, на основании ст.ст. 11, 12, 307, 309, 310, 314, 330, 331, 454, 486, 506-524 ГК РФ, руководствуясь ст.ст. 4, 9, , 65, 71, 75, 102, 110, 132, 176, 180, 181 АПК РФ, суд",частично
"тельства встречного предоставления в виде предоставления подарочного сертификата истцу, который по своему усмотрению был использован истцом. Предъявляя к ответчику требование о взыскании задолженности, обусловленных неосмотрительными и неразумными действиями самого истца, истец фактически пытается переложить на ответчика собственные предпринимательские риски, что не предусмотрено действующим законодательством. Таким образом, основания для расторжения договора №0149730659-0001 от 05.12.2023 и взыскания неосновательного обогащения в размере 163 298 руб. с ответчика отсутствуют. С учетом изложенного, исковые требования истца являются недоказанными, необоснованными и удовлетворению не подлежат. В соответствии со ст. 110 АПК РФ расходы по госпошлине относятся на истца, поскольку требования, заявленные в иске, не обоснованы. На основании ст.ст. 11, 12, 309, 310, 450, 452, 453, 457, 487, 506, 1102, 1105 ГК РФ, руководствуясь ст.ст. 64, 65, 104, 110, 123, 156, 167-171, 176, 180, 181 АПК РФ суд",отказано
"счета 0,1% в день от размера невыполненного денежного обязательства, что по расчету истца составляет 159.711руб.57коп. за период с 04.10.2024 по 12.02.2025, и далее по день фактической оплаты . Размер неустойки судом проверен, признан правильным и соответствующим последствиям нарушения обязательства, в связи с чем подлежащим взысканию с ответчика в судебном порядке. Согласно п. 65. Постановления Пленума Верховного Суда РФ № 7 от 24.03.2016г. по смыслу статьи 330 ГК РФ, истец вправе требовать присуждения неустойки по день фактического исполнения обязательства (в частности, фактической уплаты кредитору денежных средств, передачи товара, завершения работ). Таким образом, суд приходит к выводу о начислении неустойки за период с 13.02.2025 по дату фактической оплаты долга. На основании ст. 110 АПК РФ расходы истца по оплате государственной пошлины относятся на ответчика. Руководствуясь ст. ст. 309, 310, 330, 486, 506, 516 ГК РФ, ст. ст. 65,70, 71, 75, 110, 123, 156, 167-171, 176 АПК РФ, суд",частично
"опущение взыскания несоразмерных нарушенному праву сумм, а также исходя из критериев разумности, соразмерности, учитывая сложность спора, суд считает, что сумма расходов на оплату услуг представителя подлежит частичному удовлетворению в размере 16 000 руб., а именно: - 8 000 руб. за составление искового заявления; - 8 000 руб. за участие представителя в судебном заседании. Истец оплатил государственную пошлину в размере 8 161 руб., что подтверждается платежными поручениями от 19.08.2024 № 386 на сумму 7 161 руб. и от 09.09.2024 № 416 на сумму 1 000 руб. 5 Согласно заявленным требованиям (208 072,63 + 22 458,67 = 230531,30) государственная пошлина подлежит уплате в размере 7 611 руб. Поскольку требования истца удовлетворены, то государственную пошлину необходимо взыскать с ответчика в пользу истца в размере 7 611 руб., а 550 руб. подлежат возврату из федерального бюджета (ст.110 АПК РФ). Руководствуясь статьями 110, 167-171, 176 Арбитражного процессуального кодекса Российской Федерации,",частично
"ленный товар не оплачен, задолженность составила 27.368.301руб.20коп. и до настоящего времени им не погашена. Вопреки приведенным доводам ответчика по УПД №9ДТ от 29.09.2023, ответчик подписал спорный УПД без возражений. Обнаружив недопоставку, оно не уведомило незамедлительно об этом истца, не пригласил поставщика для составления акта как то, как сторонами согласовано в 2.4 договора, претензию предъявило лишь в 2024г., по истечении практически года после спорной поставки. 2 Учитывая изложенное, в действиях ответчика усматривается односторонний отказ от исполнения обязательств, что в соответствии со ст. 310 ГК РФ не допускается, следовательно, требование истца о взыскании задолженности в размере 27.368.301руб.20коп. является обоснованным и подлежит удовлетворению в судебном порядке. На основании ст. 110 АПК РФ расходы по оплате государственной пошлины относятся на ответчика. Руководствуясь ст. ст. 309, 310, 486, 506, 516 ГК РФ, ст. ст. 65,70,71, 110, 123, 156, 167- 171, 176 АПК РФ, суд",принято
"ный суд оценивает относимость, допустимость, достоверность каждого доказательства в отдельности, а также достаточность и взаимную связь доказательств в их совокупности. Исследовав и оценив представленные доказательства, исходя из предмета и оснований заявленных исковых требований, с учетом положений ст. 71 Арбитражного процессуального кодекса Российской Федерации, суд приходит к выводу, что требования истца подлежат удовлетворению в части. В соответствии со ст.ст. 102 и 110 АПК РФ госпошлина по иску относится на ответчика. Согласно п. 9 Постановления Пленума ВАС РФ от 20.03.1997 г. № 6 при уменьшении арбитражным судом размера неустойки на основании статьи 333 Гражданского кодекса Российской Федерации расходы истца по государственной пошлине подлежат возмещению ответчиком, исходя из суммы неустойки, которая подлежала бы взысканию без учета ее уменьшения. С учетом изложенного, на основании ст.ст. 307, 309, 310, 330 ГК РФ, руководствуясь ст.ст. 102, 110, 167-171, 176, 180, 181 АПК РФ, суд",отказано
"нных исковых требований. Исковые требования удовлетворены судом частично с учетом снижения неустойки на основании статьи 333 ГК РФ. В соответствии с абзацем 3 пункта 9 постановления Пленума Высшего Арбитражного Суда Российской Федерации от 22.12.2011 № 81 «О некоторых вопросах применения статьи 333 ГК РФ» если размер заявленной неустойки снижен арбитражным судом по правилам статьи 333 ГК РФ на основании заявления ответчика, расходы истца по государственной пошлине не возвращаются в части сниженной суммы из бюджета и подлежат возмещению ответчиком исходя из суммы неустойки, которая подлежала бы взысканию без учета ее снижения. Учитывая, что требования истца были удовлетворены частично, суд взыскивает с истца в пользу ответчика судебные расходы в размере, пропорциональном удовлетворенным требованиям, а именно: 72 000 руб. (79,5% от 90 566 руб. (30 000 руб. + 60 566 руб.)). Руководствуясь статьями 110, 167-171, 176 Арбитражного процессуального кодекса Российской Федерации, арбитражный суд",частично
"вании изложенного, исковые требования подлежат удовлетворению в полном объеме. Согласно статье 168 Арбитражного процессуального кодекса Российской Федерации при принятии решения арбитражным судом суд решает вопрос о распределении судебных расходов. В соответствии со статьей 101 Арбитражного процессуального кодекса Российской Федерации судебные расходы состоят из государственной пошлины и судебных издержек. Согласно статье 110 Арбитражного процессуального кодекса Российской Федерации, судебные расходы, понесенные лицами, участвующими в деле, в пользу которых принят судебный акт, взыскиваются арбитражным судом со стороны. При подаче иска Истец оплатил государственную пошлину в сумме 2000,00 руб. платежным поручением №71490 от 28.08.2024г. Государственная пошлина от уточненных исковых требований составляет 2000,00 руб. и подлежит взысканию с ответчика в пользу истца. Руководствуясь статьями п.4 части 1 статьи 148, 110, 167-171 Арбитражного процессуального кодекса Российской Федерации, суд",отказано
"дом рассмотрено и отклонено. В соответствии с частью 1 статьи 110 АПК РФ судебные расходы, понесенные лицами, участвующими в деле, в пользу которых принят судебный акт, взыскиваются арбитражным судом со стороны. В рассматриваемом случае судебный акт принят не в пользу ОАО «Рыбинская городская электросеть», в связи с чем понесенные им судебные расходы возмещению не подлежат. На основании статьи 110 АПК РФ судебные расходы по уплате государственной пошлины относятся на ОАО «Рыбинская городская электросеть». Излишне уплаченная государственная пошлина подлежит возврату истцу из бюджета. Сторонам разъясняется, что решение, выполненное в форме электронного документа, направляется лицам, участвующим в деле, посредством его размещения на официальном сайте арбитражного суда в информационно-телекоммуникационной сети «Интернет» в режиме ограниченного доступа (часть 1 статьи 177 АПК РФ). Руководствуясь статьями 110, 167-170 Арбитражного процессуального кодекса Российской Федерации, арбитражный суд",отказано
"ваний. Ответчик в судебное заседание не явился, письменного отзыва в нарушение положений статьи 131 АПК РФ в материалы дела не представил. Учитывая, что требования Истца обоснованы, документально подтверждены, исковые требования подлежат удовлетворению в полном объеме. В соответствии с частью 1 статьи 110 Арбитражного процессуального кодекса Российской Федерации судебные расходы, понесенные лицами, участвующими в деле, в пользу которых принят судебный акт, взыскиваются арбитражным судом со стороны. Согласно статье 101 Арбитражного процессуального кодекса Российской Федерации судебные расходы состоят из государственной пошлины и судебных издержек, связанных с рассмотрением дела арбитражным судом. В связи с удовлетворением исковых требований, с ответчика в пользу истца подлежат взысканию судебные расходы по оплате государственной пошлины в размере 46505,00 руб., оплаченные Истцом по платежному поручению №75420 от 03.10.2024г. Руководствуясь 101-106,110, 167-171, 176, 180, 181 АПК РФ, суд",частично
" взносов, пеней, штрафов, процентов, подлежащих уплате в соответствии с законодательством о налогах и сборах. Таким образом, недоимка, задолженность по налогам, страховым взносам и штрафам, на наличие которой Общество ссылается и просит признать ее безнадежной ко взысканию, отсутствует. Поскольку спорная задолженность отсутствует, следовательно ее невозможно признать безнадежной ко взысканию. Аналогичная позиция изложена в постановлении Арбитражного суда Северо- Кавказского округа от 31.01.2024 по делу № А15-7547/2022. Исследовав обстоятельства дела и оценив в соответствии со статьей 71 АПК РФ представленные сторонами доказательства, учитывая перечисленные выше нормы права, а также обстоятельства данного дела и представленные по нему доказательства, арбитражный суд приходит к выводу о том, что заявленные истцом исковые требования 10 удовлетворению не подлежат в полном объеме. Руководствуясь статьями 167-170, 176 Арбитражного процессуального кодекса Российской Федерации, арбитражный суд",частично
"соответствуют действительности. Доказательств, свидетельствующих об отсутствии вины ответчика, в материалы дела не представлено. При изложенных обстоятельствах, учитывая, что ООО «Алтай» не представлены доказательства принятия мер для надлежащего исполнения обязательств по Договору, а также того, что надлежащее исполнение оказалось невозможным вследствие непреодолимой силы, суд пришел к выводу о наличии оснований для взыскания штрафа в размере 624 000 руб. Представленный истцом расчет штрафа документально не опровергнут, судом проверен и признан верным. При таких обстоятельствах суд признает исковые требования ООО «ТК «Парк» обоснованными и подлежащими удовлетворению в полном объеме. Истцом при обращении в арбитражный суд была уплачена государственная пошлина в размере 15 480 руб., расходы по уплате которой на основании части 1 статьи 110 АПК РФ суд относит на ответчика. Руководствуясь статьями 110, 167-171, 176 Арбитражного процессуального кодекса Российской Федерации, арбитражный суд",принято
"7 Налогового кодекса Российской Федерации от уплаты государственной пошлины по делам, рассматриваемым арбитражными судами, освобождаются государственные органы, органы местного самоуправления, выступающие в качестве истцов или ответчиков. Следовательно, Администрация как орган местного самоуправления освобождена от уплаты государственной пошлины. 11 В пункте постановления Пленума Высшего Арбитражного Суда Российской Федерации от 11.07.2014 N 46 ""О применении законодательства о государственной пошлине при рассмотрении дел в арбитражных судах"" разъяснено, что согласно подпункту 2 пункта 2 статьи 333.17 НК РФ ответчики признаются плательщиками государственной пошлины в случае, если решение суда принято не в их пользу и истец освобожден от ее уплаты. При таких обстоятельствах государственная пошлина в размере 18 468 руб. подлежит взысканию с ответчика в доход федерального бюджета Руководствуясь статьями 167-171, 176 Арбитражного процессуального кодекса Российской Федерации, арбитражный суд",принято
"ью соразмерного удовлетворения требований кредиторов. В силу специфики своей профессиональной деятельности арбитражный управляющий обязан знать требования нормативных актов, регулирующих такую деятельность, обязан предпринять все зависящие от него меры по соблюдению требований нормативных актов и предвидеть возможность наступления последствий при ненадлежащем исполнении требований законодательства. В рассматриваемом случае, суд не усматривает оснований для применения положений статьи 2.9 КоАП РФ, поскольку данные обстоятельства свидетельствуют о пренебрежительном отношении арбитражного управляющего к исполнению своих публично-правовых обязанностей. Вместе с тем, учитывая устранение выявленного нарушения и фактические обстоятельства дела в качестве меры ответственности суд полагает возможным применить предупреждение, что соответствует минимальной санкции ч.3 ст. 14.13 КоАП РФ. Руководствуясь статьями 167-170, 206 Арбитражного процессуального кодекса Российской Федерации, арбитражный суд",в пользу ответчика
" установленную законом ответственность. В целях реализации прав и свобод гражданина-должника в рамках своей процедуры и распространения норм равноправия по сведениям, составляющим семейную, коммерческую, банковскою, налоговою и личную тайну как самого должника, а также членов его семьи, в том числе и бывших супругов во взаимосвязи с применяемой судебной практикой (Обзор судебной практики Верховного суда Российской Федерации, от 07.04.2021), суд считает необходимым наделить правом финансового управляющего в рамках исполнения пункта 7 статьи 213.26 Закона о банкротстве истребовать необходимую информацию о должнике и членах его семьи из государственных органов, юридических лиц, и органов местного самоуправления, осуществляющих учет А43-674/2025 5 имущественных прав. На основании изложенного и руководствуясь статьями 52, 213.24 Федерального закона от 26.10.2002 № 127-ФЗ «О несостоятельности (банкротстве)», статьями 167-170, 180 Арбитражного процессуального кодекса Российской Федерации, суд",принято
"емом судом случае, начальная цена заложенного имущества определена вступившим в законную силу судебным актом по делу №А40- 205388/2023. Доказательств оспаривание должником начальной цены материалы дела не содержат. Следовательно, оснований для определения иного размера начальной продажи цены имущества, чем установлено решением Арбитражного суда г. Москвы от 04.12.2023 в деле №А40-205388/2023, привлечения оценщика для определения рыночной стоимости имущества, подлежащего реализации у судебного пристава-исполнителя, не имелось. При изложенных обстоятельствах, у суда отсутствуют основания для удовлетворения заявленных требований. Решение, выполненное в форме электронного документа, направляется лицам, участвующим в деле, посредством его размещения в установленном порядке в информационно-телекоммуникационной сети «Интернет» в режиме ограниченного доступа (ч.1 ст.177 АПК РФ). Руководствуясь статьями 110, 167-170, 201 Арбитражного процессуального кодекса Российской Федерации, арбитражный суд",отказано
"х и нежилых помещений, следовательно, надлежащим ответчиком по делу о взыскании долга за предоставленные услуги за спорный период является Комитет. Отсутствие доказательств оплаты долга в пользу ресурсоснабжающих организаций не является основанием для освобождения собственника помещений от обязательств по внесению платы за потребленные коммунальные ресурсы. С учетом изложенного, исковые требования в части взыскания задолженности в размере 148 139 руб. 83 коп. являются обоснованными и подлежат удовлетворению. Вопрос о взыскании судебных расходов по уплате государственной пошлины судом не рассматривался, поскольку при обращении в арбитражный суд истцу предоставлена отсрочка по уплате государственной пошлины, а согласно подпункту 1.1 пункта 1 статьи 333.37 Налогового кодекса Российской Федерации органы местного самоуправления, освобождены от уплаты государственной пошлины. Руководствуясь статьями 49, 110, 167-171, 176, 180-181 Арбитражного процессуального кодекса Российской Федерации, суд",принято
"отрении дел об административных правонарушениях» в случае принятия арбитражным судом решения об отмене постановления о прекращении производства по делу об административном правонарушении или определения об отказе в возбуждении дела об административном правонарушении материалы дела о соответствующем административном правонарушении направляются административному органу, постановление (определение) которого было отменено, для рассмотрения. Определение об отказе в возбуждении дела об административном правонарушении в связи с его отменой утрачивает силу, следовательно, у административного органа существует неисполненная им обязанность рассмотреть 11 заявление о возбуждении дела об административном правонарушении и приложенные материалы в установленном порядке после вступления в законную силу настоящего решения. Руководствуясь статьями 67, 68, 71, 167-170, 176, 180, 181, 211 Арбитражного процессуального кодекса Российской Федерации, Арбитражный суд Ханты-Мансийского автономного округа – Югры",принято
" установленную законом ответственность. В целях реализации прав и свобод гражданина-должника в рамках своей процедуры и распространения норм равноправия по сведениям, составляющим семейную, коммерческую, банковскою, налоговою и личную тайну как самого должника, а также членов его семьи, в том числе и бывших супругов во взаимосвязи с применяемой судебной практикой (Обзор судебной практики Верховного суда Российской Федерации, от 07.04.2021), суд считает необходимым наделить правом финансового управляющего в А43-185/2025 5 рамках исполнения пункта 7 статьи 213.26 Закона о банкротстве истребовать необходимую информацию о должнике и членах его семьи из государственных органов, юридических лиц, и органов местного самоуправления, осуществляющих учет имущественных прав. На основании изложенного и руководствуясь статьями 52, 213.24 Федерального закона от 26.10.2002 № 127-ФЗ «О несостоятельности (банкротстве)», статьями 167-170, 180 Арбитражного процессуального кодекса Российской Федерации, суд",принято
"признания за ним права собственности в силу приобретательной давности. По смыслу статей 225 и 234 Гражданского кодекса Российской Федерации право собственности в силу приобретательной давности может быть приобретено на имущество, принадлежащее на праве собственности другому лицу, а также на бесхозяйное имущество (пункт 16 Постановления Пленума Верховного Суда РФ № 10, Пленума ВАС РФ № 22 от 29.04.2010 «О некоторых вопросах, возникающих в судебной практике при разрешении споров, связанных с защитой права собственности и других вещных прав»). В силу изложенного, исковые требования подлежат удовлетворению. Территориальное управление Федерального агентства по управлению государственным имуществом в Республике Коми, являясь номинальным ответчиком по заявленным исковым требованиям, не нарушая прав и законных интересов истца, не несет обязанность по оплате государственной пошлины. Руководствуясь статьями 110, 167-170, 176, 180-181 Арбитражного процессуального кодекса Российской Федерации, суд",отказано
"документам ответчик не представил. Доказательств оплаты ответчик в материалы дела не представил. В соответствии со ст.ст. 309-310 ГК РФ обязательства должны исполняться надлежащим образом в соответствии с условиями обязательства и требованиями закона. Односторонний отказ от исполнения обязательства и одностороннее изменение его условий не допускаются. Ответчик сумму долга не оспорил, контррасчет суммы задолженности не представил, доводы истца не опроверг, своевременность оплаты не доказал. Обстоятельства наличия задолженности перед истцом ответчик не оспорил и документально не опроверг. Согласно ч.2 ст.9 АПК РФ лица, участвующие в деле, несут риск наступления последствий совершения или не совершения ими процессуальных действий. Таким образом, суд приходит к выводу, что иск подлежит удовлетворению. Судебные расходы, согласно ст. 110 АПК РФ, относятся на ответчика. На основании вышеизложенного, руководствуясь ст. ст. 307 - 310, 330, 333 ГК РФ, ст. ст. 110, 123, 156, 167 - 171 АПК РФ, суд",в пользу ответчика
"воинская часть Вооруженных Сил Российской Федерации могут являться юридическим лицом в форме федерального казенного учреждения. В соответствии с ч. 1 ст. 123.22. ГК РФ государственное или муниципальное учреждение может быть казенным, бюджетным или автономным учреждением. Пунктом 4 названной статьи предусмотрено, что казенное учреждение отвечает по своим обязательствам находящимися в его распоряжении денежными средствами. Согласно выписке из Единого государственного реестра юридических лиц Федеральное казенное учреждение «Объединенное стратегическое командование Южного военного округа» является юридическим лицом. Таким образом, Министерство обороны Российской Федерации является ненадлежащим ответчиком по настоящему делу, в связи с чем основания для удовлетворения исковых требований отсутствуют. На основании ст. 110 АПК РФ расходы по оплате государственной пошлины относятся на истца. Руководствуясь ст.ст. 309, 310, 929, 931, 965, 1079 ГК РФ, ст.ст. 110, 123, 156, 167-171, 176 АПК РФ, суд",отказано
" организацией, индивидуальным предпринимателем, а равно некоммерческой организацией, нарушившей обязательство при осуществлении ею приносящей доход деятельности, допускается в исключительных случаях, если она явно несоразмерна последствиям нарушения обязательства и может повлечь получение кредитором необоснованной выгоды (пункты 1 и 2 статьи 333 ГК РФ). Ответчиком не представлено доказательств явной несоразмерности заявленной истцом к взысканию неустойки последствиям нарушения обязательства, в связи с чем суд не усматривает правовых оснований для применения положений ст. 333 ГК РФ и снижения неустойки. В связи с изложенным, заявленные требования являются правомерными и обоснованными, в связи с чем, подлежат удовлетворению в полном объеме. Расходы по оплате государственной пошлины по иску распределяются в порядке ст. 110 Арбитражного процессуального кодекса Российской Федерации. На основании изложенного и руководствуясь ст.ст. 110, 123, 156, 167, 168, 169, 170, 171, 176, 177 АПК РФ, суд",в пользу ответчика
" размере 20% от неуплаченной суммы. Согласно расчету истца, размер штрафа в силу п. 4.3 договора составляет 55 635,43 руб. 4 Суд приходит к выводу о том, что требование о взыскании штрафа в размере 55 635,43 руб. подлежит удовлетворению. Таким образом, заявленные исковые требования подлежат удовлетворению в полном объёме. Также истцом заявлено о взыскании почтовых расходов в размере 744,08 руб. Истцом в рамках дела были понесены расходы на направление ответчику досудебной претензии и искового заявления на адрес, предусмотренный договором для корреспонденции, которые составили 744,08 руб. Почтовые расходы в указанном размере подтверждены представленными в материалы дела почтовыми квитанциями и подлежат удовлетворению в полном объеме, применительно к положениям ст. ст. 101, 106, 110 АПК РФ. Расходы по оплате государственной пошлины распределены в порядке статьи 110 АПК РФ. Руководствуясь ст. ст. 4, 9, 27, 41, 63 - 65, 71, 110, 121, 122, 123, 131, 167 - 171, 176, 180, 181, 226-229 АПК РФ,",частично
"07 рублей. Ответчиком внесены денежные средства на депозит суда платежным поручением № 55 от 25.03.2024 в размере 100 000 рублей. Определением Арбитражного суда г. Москвы от 18.02.2025 перечислены АНО ""СУДЕБНЫЙ ЭКСПЕРТ"" (ИНН 7743109219) денежные средства в размере 198 180 руб. по счету от 14.10.2024 № А000412/24, поступившие по платежному поручению № 17147 от 15.02.2024, по платежному поручению № 55 от 25.03.2024. Поскольку рассмотрение настоящего дела завершилось принятием судебного акта об отказе в удовлетворении исковых требований в части взыскании убытков в размере 1 382 971 руб. 28 коп., судебные расходы на оплату экспертизы, понесенные ответчиком, подлежат возмещению истцом в размере 100 000 руб. Возражения истца, что экспертиза проведена по инициативе ответчика, и следовательно расходы должны быть понесены ИП ТУРОВЕЦКИМ В.Н., с противоречат требования ст.ст.110-112 АПК РФ С учетом изложенного, руководствуясь ст. ст. 4, 9, 27, 110, 176 Арбитражного процессуального кодекса РФ, суд",принято
"бстоятельства дела, которые согласно закону, должны быть подтверждены определенными доказательствами, не могут подтверждаться в арбитражном суде иными доказательствами. Достаточность доказательств можно определить как наличие необходимого количества сведений, достоверно подтверждающих те или иные обстоятельства спора. Отсутствие хотя бы одного из указанных признаков является основанием не признавать требования лица, участвующего в деле, обоснованными (доказанными). Изучив материалы дела, руководствуясь требованиями действующего законодательства, оценив в совокупности представленные сторонами доказательства, суд приходит к выводу о том, что исковые требования акционерного общества Интесс СА (Швейцария) подлежат удовлетворению в полном объеме. В соответствии со статьей 110 АПК РФ расходы по оплате государственной пошлины суд относит на ответчика. Руководствуясь статьями 16, 17, 28, 102, 110, 167-171, 176, 318, 319 Арбитражного процессуального кодекса Российской Федерации, арбитражный суд",принято
"тации зданий), поскольку в соответствии с частями 1 и 2 статьи 32.12 КоАП РФ и частью 2 статьи 109 Федерального закона от 02.10.2007 №229-ФЗ ""Об исполнительном производстве"" меры по обеспечению исполнения указанных в постановлении мероприятий применяются судебными приставами- исполнителями и выбираются ими самостоятельно. Учитывая вышеприведенные нормы права с учетом разъяснений Верховного суда Российской Федерации, установленные по делу обстоятельства, суд приходит к выводу о наличии оснований для применения к обществу меры ответственности в виде административного приостановления деятельности по строительству объекта капитального строительства - «Проектирование и строительство жилого корпуса «Дом-интернат для престарелых и инвалидов городского округа Самара», расположенного по адресу: Самарская область, г. Самара, Промышленный район, Просека 8 сроком на 10 суток. Руководствуясь ст. ст. 167-170, 176, 180-181, 206 Арбитражного процессуального кодекса Российской Федерации, арбитражныйсуд",принято
" РФ от 02.06.2004 №10 «О некоторых вопросах, возникших в судебной практике при рассмотрении дел об административных правонарушениях» установив в судебном заседании факт истечения срока давности привлечения к ответственности, суд, руководствуясь частью 6 статьи 205 и частью 2 статьи 206 АПК РФ, принимает решение об отказе в удовлетворении требования административного органа о привлечении к административной ответственности. Учитывая изложенные обстоятельства, суд установил наличие оснований для отказа в удовлетворении заявления и прекращения производства по делу об административном правонарушении. В соответствии с частью 2 статьи 204 Арбитражного процессуального кодекса Российской Федерации заявление о привлечении к административной ответственности государственной пошлиной не облагается, в связи с чем вопрос о ее распределении судом не рассматривается. Руководствуясь статьями 167-170, 176, 206 Арбитражного процессуального кодекса Российской Федерации, Арбитражный суд Республики Татарстан",отказано
"ствами взимаются по день уплаты суммы этих средств кредитору, если законом, иными правовыми актами или договором не установлен для начисления процентов более короткий срок. Таким образом, данное требование истца подлежит частичному удовлетворению в сумме 3 171 руб. 67 коп. процентов за пользование чужими денежными средствами за период с 18.01.2022 по 31.03.2022 и со 02.10.2022 по 26.02.2025. Проценты за пользование чужими денежными средствами за период с 27.02.2025 по день фактической оплаты суммы А79-9497/2024 9 долга – 8974 руб. 44 коп., также подлежат начислению по ключевой ставке Банка России, действовавшей в соответствующие периоды. На основании изложенного, иск подлежит частичному удовлетворению. Вопрос о взыскании государственной пошлины судом не рассматривается, поскольку стороны от ее уплаты освобождены в соответствии со статьей 333.37 Налогового кодекса Российской Федерации. Руководствуясь статьями 110, 167 – 170, 176 Арбитражного процессуального кодекса Российской Федерации,",частично
"ено. Проанализировав доказательства по правилам статьи 71 Арбитражного процессуального кодекса Российской Федерации, суд полагает возможным в удовлетворении иска отказать. (Аналогичный правовой подход содержится в постановлении Арбитражного суда Центрального округа от 16.05.2017 № Ф10-1419/2017 по делу № А14-3546/2016, постановлении Арбитражного суда Западно-Сибирского округа от 22.01.2025 № Ф04- 5729/2024 по делу № А45-15927/2023.) В соответствии с частью 1 статьи 110 Арбитражного процессуального кодекса Российской Федерации судебные расходы, понесенные лицами, участвующими в деле, в пользу которых принят судебный акт, взыскиваются арбитражным судом со стороны. При обращении в суд истцом была оплачена государственная пошлина в размере 6000 руб. (л.д. 18, 19). По результатам рассмотрения настоящего дела судебные расходы по оплате государственной пошлины относятся на истца. Руководствуясь статьями 110, 112, 167-170, 180, 181 Арбитражного процессуального кодекса Российской Федерации, суд",отказано
"22 № 474 «О некоторых особенностях регулирования жилищных отношений в 2022 - 2024 годах». Согласно статье 333 ГК РФ, если подлежащая уплате неустойка явно несоразмерна последствиям нарушения обязательства, суд вправе уменьшить неустойку. Если обязательство нарушено лицом, осуществляющим предпринимательскую деятельность, суд вправе уменьшить неустойку при условии заявления должника о таком уменьшении. Основания для уменьшения размера заявленной к взысканию неустойки в настоящем случае отсутствуют. С учетом положений части 1 статьи 110 АПК РФ с Предпринимателя в пользу Компании подлежит взысканию 10 189 руб. расходов по уплате государственной пошлины по иску. Излишне уплаченные Компанией 164 руб. государственной пошлины в соответствии с положениями статьи 333.40 Налогового кодекса Российской Федерации подлежат возврату из федерального бюджета. На основании вышеизложенного, руководствуясь статьями 110, 167-170, 171 Арбитражного процессуального кодекса Российской Федерации, арбитражный суд",принято
"бжающей организации (теплоснабжающей организации) пени в размере одной стотридцатой ставки рефинансирования Центрального банка Российской Федерации, действующей на день фактической оплаты, от не выплаченной в срок суммы за каждый день просрочки начиная со следующего дня после дня наступления установленного срока оплаты по день фактической оплаты. Расчет пени судом проверен, признан арифметически верным, ответчиком не оспорен. Оснований для снижения неустойки в силу статьи 333 Гражданского кодекса Российской Федерации, суд не усматривает. Таким образом, требование истца о взыскании пени подлежит удовлетворению в размере 31 рубля 26 копеек за период 10.11.2024 по 12.12.2024. Судебные расходы по уплате государственной пошлины распределяются в соответствии с правилами статьи 110 Арбитражного процессуального кодекса Российской Федерации. На основании изложенного, руководствуясь статьей 110, частью 5 статьи 170, статьей 130, 159, 229 Арбитражного процессуального кодекса Российской Федерации,",отказано
"бретатель узнал или должен был узнать о неосновательности получения или сбережения денежных средств. На основании этой нормы с ответчика также подлежат взысканию проценты за пользование чужими денежными средствами, начисленные за период с 17 октября 2023 года по 09 июля 2024 года в размере в размере 37 072 рубля, согласно представленному истцом расчету (л.д. 32. 75). При подаче иска истец оплатил государственную пошлину в размере 10 231 рубль (л.д. 8-9, 48-50), хотя, исходя из размера заявленных требований, должен был оплатить 10 222 рубля, в связи с чем подлежит возврату истцу пошлина в размере 9 рублей. В остальной части, в соответствии со статьями 110 и 111 Арбитражного процессуального кодекса Российской Федерации, статьей 333.21 Налогового кодекса Российской Федерации, государственная пошлина взыскивается с ответчика в пользу истца. А70-16754/2024 3 На основании вышеизложенного, руководствуясь статьями 110, 167-171, 181-182 Арбитражного процессуального кодекса Российской Федерации,",принято
"ванной налоговой экономии путем завышения налоговых вычетов по НДС, при отсутствии реальных сделок с контрагентами ООО «Эковтор», ООО НП «Канал», ООО «Зинтер», ООО «Экофасад», ООО «Парус», ООО «Ясень», ООО «Тандем» чем нарушены положения статей 169, 171, 172, 54.1 НК РФ, и опровергают доводы Заявителя о недоказанности налоговым органом фактов нереальности сделок со спорными контрагентами. Учитывая изложенное, решение о привлечении к ответственности за совершение налогового правонарушения от 17.05.2024 №2896 является законным и обоснованным. В силу ч. 1 ст. 110 АПК РФ судебные расходы, понесенные лицами, участвующими в деле, в пользу которых принят судебный акт, взыскиваются арбитражным судом со стороны. Поскольку в удовлетворении заявленных требований отказано, то судебные расходы, понесённые заявителем на оплату государственной пошлины не подлежат взысканию с ответчика. Руководствуясь статьями 110, 167-170, 201 Арбитражного процессуального кодекса Российской Федерации, арбитражный суд",частично
" с ответчика 1 408 661,67 руб. неосновательного обогащения вследствие их неправомерного удержания и уклонения от их возврата, а ответчиком не представлено доказательств возврата денежных средств либо совершения действия взамен, то право истца на начисление процентов законно и обоснованно. В силу изложенного, суд признает заявленные требования в указанной части подлежащими удовлетворению за период с 04.11.2023 по 01.12.2024 в размере 256 384,97 руб. Государственная пошлина с суммы требований 1 665 046,64 руб. – 29 650 руб. Истцом при подаче искового заявления уплачена государственная пошлина в размере 24 526 руб. платежным поручением № 2599 от 06.08.2024. На основании статьи 110 АПК РФ расходы по уплате государственной пошлины в размере 24 526 руб. подлежат взысканию с ответчика в пользу истца, государственная пошлина 5 124 руб. подлежит взысканию с ответчика в доход федерального бюджета. Руководствуясь ст. 110, 167-170, 180 Арбитражного процессуального кодекса Российской Федерации, суд",отказано
"я им процессуальных действий в соответствии со ст. 9 АПК РФ. Учитывая отсутствие контррасчета ответчика, проверив расчет истца, суд считает его составленным арифметически и методически не верно. По расчету суда истец имеет право на взыскание пени в большем размере. Поскольку суд не вправе выходить за пределы исковых требований, увеличивая тем самым сумму исковых требований, с ответчика в пользу истца подлежит взысканию пени в размере 92 320 руб. 99 коп., подлежат удовлетворению в полном объеме. В соответствии со статьей 110 АПК РФ судебные расходы, понесенные лицами, участвующими в деле, в пользу которых принят судебный акт, взыскиваются арбитражным судом со стороны. На основании изложенного, расходы по оплате госпошлины следует отнести на ответчика с учетом произведенных оплат как до, так и после обращения истца в суд с настоящим иском и удовлетворения уточненных исковых требований. Руководствуясь ст.ст. 9, 49, 65, 71, 110, 137, 150, 156, 159, 167-170, 171, 176 АПК РФ, арбитражный суд",частично
"ом суде, отнесены денежные суммы, подлежащие выплате экспертам, специалистам, свидетелям, переводчикам, расходы, связанные с проведением осмотра доказательств на месте, расходы на оплату услуг адвокатов и иных лиц, оказывающих юридическую помощь (представителей), расходы юридического лица на уведомление о корпоративном споре в случае, если федеральным законом предусмотрена обязанность такого уведомления, и другие расходы, понесенные лицами, участвующими в деле, в связи с рассмотрением дела в арбитражном суде. Вышеназванные расходы непосредственно связаны с рассмотрением настоящего дела, необходимы, обоснованы и подтверждены документально. Таким образом, 110 руб. расходов на приобретение товара, 132 руб. почтовых расходов, 200 руб. расходов на получение выписки ЕГРИП подлежат взысканию с ответчика. Расходы по оплате государственной пошлины в соответствии со статьей 110 АПК РФ также подлежат возложению на ответчика. Руководствуясь статьями 110, 167–170, 226-229 АПК РФ, арбитражный суд 12",в пользу ответчика
"несенные лицами, участвующими в деле, в пользу которых принят судебный акт, взыскиваются арбитражным судом со стороны. При подаче иска истцом оплачена государственная пошлина в сумме 81 457,46 рублей, что подтверждается платёжным поручением № 26522 от 11.12.2024. 7 1083_659085 Уплату пошлины в соответствии со статьей 110 Арбитражного процессуального кодекса Российской Федерации следует отнести на ответчика. Настоящее решение выполнено в форме электронного документа, подписано электронной подписью судьи и считается направленным лицам, участвующим в деле, посредством размещения на официальном сайте суда в сети ""Интернет"" в режиме ограниченного доступа. По ходатайству лиц, участвующих в деле, копии решения на бумажном носителе могут быть направлены им в пятидневный срок со дня поступления соответствующего ходатайства заказным письмом с уведомлением о вручении или вручены им под расписку. Руководствуясь статьями 167 – 176 и 181 Арбитражного процессуального кодекса Российской Федерации, суд",принято
"а подлежит взысканию с должника (статья 202 Гражданского процессуального кодекса Российской Федерации, статья 179 Арбитражного процессуального кодекса Российской Федерации). При этом день фактического исполнения нарушенного обязательства, в частности, день уплаты задолженности кредитору, включается в период расчета неустойки. Таким образом, с ответчика в пользу истца подлежат взысканию пени, рассчитанной в соответствии с абзацем 8 пункта 2 статьи 37 Федерального закона от 26.03.2003 № 35-ФЗ «Об электроэнергетике», за период с 01.06.2024 по день фактической оплаты ответчиком суммы основного долга. В соответствии с частью 1 статьи 110 АПК РФ судебные расходы, понесенные лицами, участвующими в деле, в пользу которых принят судебный акт, взыскиваются арбитражным судом со стороны. На основании изложенного, расходы по оплате госпошлины следует отнести на ответчика с учетом удовлетворения исковых требований. Руководствуясь ст. ст. 9, 49, 65, 71, 110, 156, 167, 171, 176 АПК РФ, арбитражный суд",частично
"лежащую взысканию, а также то, что такое взыскание производится до момента фактического исполнения обязательства. Учитывая выше изложенное, с ответчика в пользу истца подлежит взысканию 220 344,84 рублей пени, а также пени, начисленные на сумму долга в размере 25 342 716,5 рублей, исходя из 0,1% за каждый день просрочки, начиная с 20.12.2024г. по день фактического исполнения обязательства. В удовлетворении остальной части требования о взыскании пени надлежит отказать. Истцом при подаче иска уплачена государственная пошлина в размере 480 942 рубля по платежному поручению от 19.12.2024 № 64232. В соответствии со статьей 110 Арбитражного процессуального кодекса Российской Федерации судебные расходы по уплате государственной пошлины по иску подлежат отнесению на ответчика со взысканием в пользу истца пропорционально удовлетворенным требованиям, что составляет 480 365 рублей. Руководствуясь статьями 110, 169-171, 176 Арбитражного процессуального кодекса Российской Федерации, арбитражный суд",отказано
"и ООО «Ваир» по земельному налогу за 2019 году произвести корректировку сальдо ЕНС ООО «Ваир» в связи с уменьшением суммы земельного налога согласно уточненной налогово декларации по земельному налогу за 2019 году на 364 784 руб. и уменьшением начисленных пеней за несвоевременную уплату земельного налога за 2019 год на 358 905 руб. 45 коп. отсутствуют. В соответствии с частью 3 статьи 201 АПК РФ арбитражный суд, установив, что оспариваемый ненормативный правовой акт, решения и действия (бездействие) государственных органов, органов местного самоуправления, иных органов, должностных лиц соответствуют закону или иному нормативному правовому акту и не нарушают права и законные интересы заявителя, суд принимает решение об отказе в удовлетворении заявленного требования. В связи с отказом в удовлетворении заявленных требований судебные расходы по делу относятся на заявителя. Руководствуясь статьями 167 – 170, 176, 201 Арбитражного процессуального кодекса Российской Федерации, арбитражный суд",отказано
"орых он ходатайствует, не указаны причины, препятствующие получению доказательств, относимость и допустимость указанного в ходатайстве доказательства к рассматриваемому делу не обоснована документально. Поскольку в удовлетворении основного требования о взыскании 98 600,00 руб. истцу отказано, то требование о взыскании неустойки в сумме 25 578,66 руб. удовлетворению также не подлежит. Расходы по государственной пошлине на основании части 1 статьи 110 Арбитражного процессуального кодекса РФ относятся на истца. Настоящий судебный акт выполнен в форме электронного документа, подписан усиленной квалифицированной электронной подписью судьи и будет направлен лицам, участвующим в деле, посредством его размещения на официальном сайте Арбитражного суда в сети ""Интернет"" в режиме ограниченного доступа не позднее следующего дня после дня его принятия. Руководствуясь статьями 110, 112, 150, 167 — 171, 176, 180, 181, 182, 319 Арбитражного процессуального кодекса Российской Федерации, арбитражный суд",отказано
"млению прав одной из его сторон (пункт 4 раздела II Обзора судебной практики Верховного Суда Российской Федерации № 4, утв. Президиумом Верховного Суда Российской Федерации 23.12.2015). На основании статьи 110 Арбитражного процессуального кодекса Российской Федерации, расходы по уплате государственной пошлины относятся на стороны пропорционально удовлетворенным требованиям. Злоупотребления со стороны истца, как указывает ответчик, то есть оснований, которые в силу части 2 статьи 111 Арбитражного процессуального кодекса Российской Федерации позволяют возложить все судебные расходы на лицо, злоупотребляющее своими процессуальными правами или не выполняющее свои процессуальные обязанности, судом не установлено. Само по себе изменение истцом размера исковых требований не является безусловным основанием для признания его действий злоупотреблением правом. Руководствуясь статьями 106, 110, 167-170 Арбитражного процессуального кодекса Российской Федерации, Арбитражный суд Архангельской области",частично
"правовых обязанностей, к формальным требованиям публичного права, связанным со строительством объекта капитального строительства. Материалы дела не содержат доказательств того, что фактические обстоятельства дела могут свидетельствовать об исключительности ситуации, позволяющей применить статью 2.9 Кодекса Российской Федерации об административных правонарушениях. В свою очередь, административное правонарушение, предусмотренное статьей 19.5 Кодекса Российской Федерации об административных правонарушениях, отнесено в соответствии с частью 2 статьи 4.1.1 Кодекса Российской Федерации об административных правонарушениях к числу административных правонарушений, при совершении которых не допускается замена наказания в виде административного штрафа предупреждением. Заявление о привлечении к административной ответственности государственной пошлиной не облагается. Руководствуясь статьями 167-170, 176, 206 Арбитражного процессуального кодекса Российской Федерации, арбитражный суд А54-1098/2025 11",отказано
"ются в части сниженной суммы из бюджета и подлежат А43-34385/2024 6 возмещению ответчиком исходя из суммы неустойки, которая подлежала бы взысканию без учета ее снижения. Определением от 28.10.2024 суд отказал истцу в принятии обеспечительных мер. В порядке статьи 110 Арбитражного процессуального кодекса Российской Федерации расходы по государственной пошлине за рассмотрение заявления о принятии обеспечительных мер подлежат отнесению на истца. Настоящее решение выполнено в форме электронного документа, подписано усиленной квалифицированной электронной подписью судьи и в соответствии с частью 1 статьи 177 Арбитражного процессуального кодекса Российской Федерации будет направлено лицам, участвующим в деле, посредством его размещения на официальном сайте арбитражного суда в сети «Интернет» в режиме ограниченного доступа не позднее следующего дня после дня его принятия. Руководствуясь статьями 110, 167 - 171, 176, 180, 181, 319 Арбитражного процессуального кодекса Российской Федерации, суд",принято
"атериалы дела не представлено, суд оснований для снижения пени не находит. Суд произвел самостоятельный расчет пени исходя из суммы задолженности, исчисленной по льготному тарифу. С учетом изложенного, суд взыскивает с ответчика в пользу истца 503,95 руб. пени за период с 10.02.2024 по 24.02.2025 (на день вынесения решения). Суд также считает подлежащими удовлетворению требования истца о взыскании с ответчика пени по день фактической оплаты долга с 25.02.2025. В удовлетворении остальной части требований суд отказывает. В соответствии со статьей 110 АПК РФ судебные расходы, понесенные лицами, участвующими в деле, в пользу которых принят судебный акт, взыскиваются арбитражным судом со стороны. Излишне уплаченная при подаче иска государственная пошлина подлежит возврату истцу на основании статьи 104 АПК РФ, статьи 333.40 Налогового кодекса Российской Федерации. Руководствуясь статьями 167-171, 176 Арбитражного процессуального кодекса Российской Федерации, Арбитражный суд Тюменской области",частично
"ния по отношению к ООО «АСК» (ответчику) в размере 5 000 рублей, также соответствующих процентов». В качестве документа, удостоверяющего уступленное право требования в договоре обозначена «квитанция об оплате 5 000 рублей». Таким образом, предмет договора и основание возникновения права требования сформулированы не четко, с использованием общих фраз, без конкретизации, что, по правилам статьи 431 ГК РФ затрудняет определить содержание этого договора и действительную волю сторон при его заключении. При изложенных обстоятельствах суд не находит оснований для удовлетворения иска, как в части требования основного долга, так и процентов за пользование чужими денежными средствами. В соответствии со статьей 110 АПК РФ судебные расходы ответчика по оплате судебной экспертизы, а также государственная пошлина по иску относится на истца. В связи с изложенным, руководствуясь статьями 110, 112, 167 – 169 Арбитражного процессуального кодекса Российской Федерации, Арбитражный суд Республики Татарстан",отказано
"и совершенного правонарушения и обеспечивает достижение целей административного наказания, предусмотренных частью 1 статьи 3.1 КоАП РФ. Поскольку в ходе проверки арест и изъятие вещей не осуществлялось, основания для разрешения в настоящем деле вопросов, указанных в части 3 статьи 29.10 КоАП РФ, отсутствуют. В соответствии с пунктом 1.1 статьи 29.10 КоАП РФ и пунктом 15 Постановления Пленума Высшего Арбитражного Суда Российской Федерации от А26-10751/2024 10 02.06.2004 № 10 в настоящем решении подлежит указанию информация о получателе штрафа, необходимая для заполнения расчетных документов. Руководствуясь статьями 167-170, 206, 229 Арбитражного процессуального кодекса Российской Федерации, пунктом 37 Постановления Пленума Верховного Суда Российской Федерации от 18.04.2017 № 10 «О некоторых вопросах применения судами положений Гражданского процессуального кодекса Российской Федерации и Арбитражного процессуального кодекса Российской Федерации об упрощенном производстве», арбитражный суд",принято
"государственную пошлину, предусмотренную статьями 1000071_6938759 9 333.19 и 333.21 НК РФ, наравне с иными участниками процесса. Например, по спору о взыскании переплаты за услуги по теплоснабжению занимаемых помещений инспекция Федеральной налоговой службы выступает в качестве участника гражданских правоотношений и хозяйствующего субъекта, а потому уплачивает государственную пошлину на общих основаниях. Из спорного контракта (п.1.1, п.1.5) усматривается, что он заключен с целью капитального ремонта офиса семейного врача. Финансирование ремонта осуществляется за счет субсидий из бюджета. Таким образом, контракт был заключен истцом не для собственных нужд, и настоящий спор связан с выполнением истцом отдельных функций государственного органа. При изложенных обстоятельствах, с ответчика в доход федерального бюджета подлежит взысканию государственная пошлина в размере 7 251,63 руб. Руководствуясь статьями 110, 167 - 170, 227 - 229 Арбитражного процессуального кодекса Российской Федерации,",частично
"ю на ответчика. Расходы на фиксацию правонарушения признаны судом чрезмерными, поскольку выражались в осмотре сайта в информационно-телекоммуникационной сети Интернет и не требовали специальных познаний и затрат. Таким образом, в требовании о взыскании расходов на фиксацию правонарушения суд отказывает. При изготовлении резолютивной части решения судом была допущена опечатка при указании суммы взысканных почтовых расходов, а именно ошибочно указана сумма «142,50руб.,», тогда как следовало указать «142руб.,». В соответствии с частью 3 статьи 179 Арбитражного процессуального кодекса Российской Федерации арбитражный суд, принявший решение, по своей инициативе вправе исправить допущенные описки без изменения его содержания. Таким образом, суд считает возможным исправить допущенную опечатку и читать сумму почтовых расходов, взысканной с ответчика, «в сумме 142руб.». Руководствуясь статьями 110,112,167-170,176-180,181 Арбитражного процессуального кодекса Российской Федерации, арбитражный суд",отказано
"тся рассмотрение дела по существу (ст. 112 АПК РФ). Учитывая, что почтовые расходы связаны с рассматриваемым спором, подтверждены надлежащими доказательствами, с учётом результата рассмотрения дела подлежат отнесению на ответчика В соответствии с ч.1 ст.110 Арбитражного процессуального кодекса Российской Федерации судебные расходы, понесенные лицом, участвующим в деле, в пользу которого принят судебный акт, взыскиваются со стороны. Поскольку при предъявлении искового заявления истец был освобожден от уплаты государственной пошлины на основании пп. 1 п. 1 ст. 333.37 Налогового кодекса Российской Федерации, государственная пошлина подлежит взысканию с ответчика непосредственно в доход федерального 1245703104_15944524 5 бюджета на основании ст.110 Арбитражного процессуального кодекса Российской Федерации. На основании 330, 606, 614 Гражданского кодекса Российской Федерации, руководствуясь статьями 110, 167-171, 229 Арбитражного процессуального кодекса Российской Федерации, арбитражный суд",частично
"ия обязательств. Размер договорной неустойки, определенный сторонами (0,1 % не перечисленных сумм за каждый день просрочки), не является завышенным и не выходит за рамки обычной деловой практики по данной категории дел, требований разумности и справедливости. Иного ответчиком в нарушение статьи 65 АПК РФ не доказано. Вопреки доводам ответчика, конкурсного кредитора ответчика, с учетом конкретных обстоятельств дела, а именно разумной ставки неустойки (0,1% суммы долга в день), длительности периода просрочки, оснований для снижения неустойки в связи с ее несоразмерностью в порядке статьи 333 ГК РФ не имеется. Само по себе нахождение ответчика в процедуре банкротства достаточным основанием для снижения неустойки не является. Государственная пошлина подлежит взысканию с ответчика в доход федерального бюджета (ст. 110 Арбитражного процессуального кодекса Российской Федерации). Руководствуясь ст.110, 167-170, 171, 176 Арбитражного процессуального кодекса Российской Федерации, арбитражный суд",принято
"редств с расходами ответчика при управлении спорными МКД суд приходит к выводу о наличии отрицательного сальдо в размере 4695486 руб. 12 коп., что указывает на отсутствие неосновательного обогащения на стороне ответчика и отказ в иске по данному основанию. Иные доводы ответчика, как то отсутствие полномочий на предъявление иска и пропуск срока исковой давности суд отклоняет, поскольку право на предъявление иска управляющей компанией от имени собственников следует из закона; срок исковой давности также не пропущен, поскольку он начинает течь не ранее даты, когда истец приступил к управлению многоквартирными домами. Судебные расходы по делу относятся на истца в порядке ст. 110 АПК РФ. 100792_15942298 7 Поскольку при подаче иска истцу была предоставлена отсрочка по уплате государственной пошлины, то 103466 руб. 00 коп. подлежат взысканию с истца в доход федерального бюджета. Руководствуясь ст.110, 167-170, 171, 176 Арбитражного процессуального кодекса Российской Федерации, арбитражный суд",отказано
"йствий, а общество не представило доказательств нарушения действием должностных лиц его прав и законных интересов, то суд отказывает в удовлетворении заявленных требований общества в полном объеме. Дополнительно суд указывает заявителю на то, что взыскатель не лишен права повторно предъявить исполнительный лист ко взысканию в пределах трех лет со дня возвращения исполнительного листа взыскателю, если не истек трехлетний срок на предъявление исполнительного документа к исполнению, исчисляемый с даты получения почтой взыскателем постановления об окончании исполнительного производства. Вопрос о распределении судебных расходов не рассматривался, поскольку в соответствии с частью 2 статьи 329 Арбитражного процессуального кодекса Российской Федерации заявление об оспаривании решений и действий (бездействия) судебного пристава-исполнителя государственной пошлиной не облагается. Руководствуясь статьями 167-170, 176, 201 Арбитражного процессуального кодекса Российской Федерации, арбитражный суд",отказано
"значейства, банками и иными кредитными организациями, должностными лицами и гражданами (часть 1 статьи 7, статья 8, пункт 16 части 1 статьи 64 и часть 2 статьи 70 Закона об исполнительном производстве). Учитывая, что денежное обязательство на момент вынесения решения по настоящему делу не исполнено, суд считает подлежащим удовлетворению требование истца о взыскании с 18.01.2025 процентов за пользование чужими денежными средствами на сумму задолженности, составляющую на день вынесения решения 115489 руб., за каждый день просрочки до дня фактической уплаты денежных средств, исходя из ключевой ставки (ставки рефинансирования) Банка России, действующей в соответствующие периоды. Согласно части 2 статьи 168 АПК РФ при принятии решения арбитражный суд решает вопрос о распределении судебных расходов. В соответствии со статьей 110 АПК РФ расходы по государственной пошлине относятся на ответчика. Руководствуясь статьями 110, 167-171 Арбитражного процессуального кодекса Российской Федерации, суд",принято
"0 000 руб. 00 коп. Истцом в доход федерального бюджета уплачена государственная пошлина в размере 35 000 руб. 00 коп., что подтверждается платежным поручением №168 от 11.11.2024г. На основании изложенного, учитывая, что суд пришел к выводу о частичном удовлетворении исковых требований. Судебные расходы по уплате государственной пошлины за рассмотрение искового заявления подлежат распределению в порядке статьи 110 Арбитражного процессуального кодекса Российской Федерации, в связи с чем с ответчика в пользу истца подлежат взысканию судебные расходы по оплате государственной пошлины в размере 33 333 руб. 00 коп. пропорционально размеру удовлетворенных исковых требований, а недоплаченная при подаче искового заявления государственная пошлина в размере 1 554 руб. 00 коп. подлежит взысканию с истца в доход федерального бюджета. 18_17153423 5 Руководствуясь статьями 9, 41, 65, 70, 71, 104 110, 112, 167-170, 176, 226-229 Арбитражного процессуального кодекса Российской Федерации, арбитражный суд",частично
"й продавцом. Поскольку общество с ограниченной ответственностью «ЧЕЛВТОРСТАЛЬ» не передало товар, истец обратился в арбитражный суд с иском, потребовав возврата предварительной оплаты. Доказательства отгрузки товара ответчиком не представлены. Доводы истца о заключении разовой сделки купли-продажи, оплате товара и отсутствии встреченного предоставления не опровергнуты. При таких обстоятельствах исковые требования в части взыскания основной задолженности в размере 496 400 руб. подлежат удовлетворению на основании ст. ст. 309, 310, 487, 506 ГК РФ. Истец уплатил государственную пошлину в размере 29 820 руб., что подтверждается платежным поручением от 07.10.2024 №183. Поскольку заявленные истцом требования удовлетворены, судебные расходы по уплате государственной пошлины относятся на ответчика в соответствии с ч. 1 ст. 110 Арбитражного процессуального кодекса Российской Федерации. Руководствуясь ст. ст. 110, 167-170 Арбитражного процессуального кодекса Российской Федерации, арбитражный суд",частично
"что оспариваемое решение или порядок его принятия не соответствует закону, либо отсутствуют основания для привлечения к административной ответственности или применения конкретной меры ответственности, либо оспариваемое решение принято органом или должностным лицом с превышением их полномочий. Указанных в названной норме обстоятельств, при рассмотрении дела судом не установлено, следовательно, правовые основания для признания незаконными и отмене постановления Управления Федеральной службы по надзору в сфере защиты прав потребителей и благополучия человека по Удмуртской Республике по делу об административном правонарушении от 27.11.2024 № 263 отсутствуют, требования заявителя удовлетворению не подлежат. Заявление об оспаривании постановлений о привлечении к административной ответственности государственной пошлиной согласно статье 208 АПК РФ не облагается. Руководствуясь статьями 167-170, 211 Арбитражного процессуального кодекса Российской Федерации, Арбитражный суд Удмуртской Республики",отказано
